-- phpMyAdmin SQL Dump
-- version 5.2.1
-- https://www.phpmyadmin.net/
--
-- Host: 127.0.0.1
-- Generation Time: Jun 01, 2025 at 10:40 AM
-- Server version: 10.4.32-MariaDB
-- PHP Version: 8.2.12

SET SQL_MODE = "NO_AUTO_VALUE_ON_ZERO";
START TRANSACTION;
SET time_zone = "+00:00";


/*!40101 SET @OLD_CHARACTER_SET_CLIENT=@@CHARACTER_SET_CLIENT */;
/*!40101 SET @OLD_CHARACTER_SET_RESULTS=@@CHARACTER_SET_RESULTS */;
/*!40101 SET @OLD_COLLATION_CONNECTION=@@COLLATION_CONNECTION */;
/*!40101 SET NAMES utf8mb4 */;

--
-- Database: `sahat_alllm`
--

-- --------------------------------------------------------

--
-- Table structure for table `exam_results`
--

CREATE TABLE `exam_results` (
  `id` int(11) NOT NULL,
  `user_id` int(11) NOT NULL,
  `subject` varchar(100) NOT NULL,
  `lesson_name` varchar(255) NOT NULL,
  `question_type` enum('بنك اسئلة','اختبارات شاملة','تحدى نفسك','إمتحان الوزارة') NOT NULL,
  `score` int(11) NOT NULL,
  `total_questions` int(11) NOT NULL,
  `exam_date` datetime NOT NULL
) ENGINE=InnoDB DEFAULT CHARSET=utf8mb4 COLLATE=utf8mb4_general_ci;

--
-- Dumping data for table `exam_results`
--

INSERT INTO `exam_results` (`id`, `user_id`, `subject`, `lesson_name`, `question_type`, `score`, `total_questions`, `exam_date`) VALUES
(19, 2, 'الرياضيات', '', 'بنك اسئلة', 4, 8, '2025-05-31 19:38:14'),
(20, 2, 'العلوم', '', 'بنك اسئلة', 2, 4, '2025-05-31 19:42:08'),
(21, 1, 'التربية الإسلامية', '', 'اختبارات شاملة', 1, 1, '2025-05-31 19:44:20'),
(22, 1, 'العلوم', '', 'بنك اسئلة', 1, 4, '2025-05-31 19:51:09'),
(23, 1, 'العلوم', '', 'بنك اسئلة', 0, 4, '2025-05-31 20:36:39'),
(24, 1, 'العلوم', '', 'بنك اسئلة', 3, 4, '2025-05-31 21:09:26'),
(25, 1, 'التاريخ الإسلامي', '', 'بنك اسئلة', 1, 1, '2025-05-31 21:13:07'),
(26, 1, 'الرياضيات', '', 'بنك اسئلة', 0, 4, '2025-05-31 21:17:27'),
(27, 1, 'الرياضيات', '', 'بنك اسئلة', 0, 4, '2025-05-31 21:17:55'),
(28, 1, 'الرياضيات', '', 'بنك اسئلة', 0, 4, '2025-05-31 21:18:03'),
(29, 1, 'الرياضيات', '', 'بنك اسئلة', 0, 4, '2025-05-31 21:18:14'),
(30, 1, 'الرياضيات', '', 'بنك اسئلة', 0, 4, '2025-05-31 21:24:04'),
(31, 1, 'الرياضيات', '', 'بنك اسئلة', 1, 4, '2025-05-31 21:24:21'),
(32, 1, 'الرياضيات', '', 'بنك اسئلة', 3, 4, '2025-05-31 21:25:38'),
(33, 1, 'الرياضيات', '', 'بنك اسئلة', 0, 4, '2025-05-31 21:37:44'),
(34, 1, 'الرياضيات', '', 'بنك اسئلة', 3, 4, '2025-05-31 21:39:20'),
(35, 1, 'الرياضيات', '', 'بنك اسئلة', 4, 4, '2025-05-31 21:41:59'),
(36, 1, 'الرياضيات', '', 'بنك اسئلة', 4, 4, '2025-05-31 21:43:32'),
(37, 1, 'العلوم', 'الاول', 'إمتحان الوزارة', 0, 1, '2025-05-31 21:46:05'),
(38, 1, 'العلوم', 'الاول', 'إمتحان الوزارة', 0, 1, '2025-05-31 21:47:04'),
(39, 1, 'العلوم', '', 'بنك اسئلة', 0, 4, '2025-05-31 21:47:38'),
(40, 1, 'العلوم', 'الاول', 'بنك اسئلة', 1, 1, '2025-05-31 21:48:01'),
(41, 1, 'العلوم', '', 'اختبارات شاملة', 1, 5, '2025-05-31 21:49:02'),
(42, 1, 'العلوم', '', 'بنك اسئلة', 4, 5, '2025-05-31 21:49:58'),
(43, 1, 'العلوم', '', 'بنك اسئلة', 3, 5, '2025-05-31 21:58:15'),
(44, 1, 'العلوم', '', 'اختبارات شاملة', 4, 5, '2025-05-31 22:02:48'),
(45, 1, 'التاريخ الإسلامي', '', 'بنك اسئلة', 1, 6, '2025-05-31 23:14:21'),
(46, 1, 'اللغة العربية', '', 'بنك اسئلة', 1, 6, '2025-06-01 07:37:47'),
(47, 1, 'العلوم', 'الاول', 'بنك اسئلة', 0, 1, '2025-06-01 07:52:45'),
(48, 1, 'العلوم', 'الاول', 'بنك اسئلة', 1, 1, '2025-06-01 07:57:09'),
(49, 1, 'التاريخ الإسلامي', '', 'بنك اسئلة', 3, 5, '2025-06-01 09:08:17'),
(50, 1, 'العلوم', 'الاول', 'بنك اسئلة', 4, 5, '2025-06-01 11:08:51'),
(51, 1, 'العلوم', 'شسيب', 'بنك اسئلة', 1, 1, '2025-06-01 11:13:06'),
(52, 1, 'العلوم', 'شسيب', 'بنك اسئلة', 5, 5, '2025-06-01 11:13:51'),
(53, 1, 'العلوم', 'شسيب', 'اختبارات شاملة', 2, 2, '2025-06-01 11:21:45'),
(54, 1, 'العلوم', 'شسيب', 'بنك اسئلة', 0, 1, '2025-06-01 11:28:35'),
(55, 1, 'التربية الإسلامية', '', 'بنك اسئلة', 2, 2, '2025-06-01 11:29:13'),
(56, 1, 'التربية الإسلامية', '', 'اختبارات شاملة', 1, 1, '2025-06-01 11:30:16'),
(57, 2, 'العلوم', 'شسيب', 'بنك اسئلة', 5, 5, '2025-06-01 11:32:25'),
(58, 2, 'التاريخ', '', 'اختبارات شاملة', 1, 5, '2025-06-01 11:38:46');

-- --------------------------------------------------------

--
-- Table structure for table `questions`
--

CREATE TABLE `questions` (
  `id` int(11) NOT NULL,
  `question_text` text NOT NULL,
  `question_image` varchar(255) DEFAULT NULL,
  `option1` text NOT NULL,
  `option2` text NOT NULL,
  `option3` text NOT NULL,
  `option4` text NOT NULL,
  `correct_answer` int(1) NOT NULL COMMENT '1-4',
  `subject` varchar(100) NOT NULL,
  `lesson_name` varchar(255) NOT NULL,
  `lesson` varchar(100) DEFAULT NULL,
  `question_type` enum('بنك اسئلة','اختبارات شاملة','تحدى نفسك','إمتحان الوزارة') NOT NULL,
  `note1` text DEFAULT NULL,
  `note2` text DEFAULT NULL,
  `note3` text DEFAULT NULL,
  `note4` text DEFAULT NULL,
  `added_date` datetime NOT NULL DEFAULT current_timestamp(),
  `added_by` int(11) DEFAULT NULL COMMENT 'ID of admin who added'
) ENGINE=InnoDB DEFAULT CHARSET=utf8mb4 COLLATE=utf8mb4_general_ci;

--
-- Dumping data for table `questions`
--

INSERT INTO `questions` (`id`, `question_text`, `question_image`, `option1`, `option2`, `option3`, `option4`, `correct_answer`, `subject`, `lesson_name`, `lesson`, `question_type`, `note1`, `note2`, `note3`, `note4`, `added_date`, `added_by`) VALUES
(185, 'من هو مؤلف رواية &#039;البؤساء&#039;؟', NULL, 'فيكتور هوغو', 'تشارلز ديكنز', 'تولستوي', 'دوستويفسكي', 1, 'اللغة العربية', '', NULL, 'بنك اسئلة', NULL, NULL, NULL, NULL, '2025-05-31 19:40:16', 2),
(186, 'كم عدد الكواكب في المجموعة الشمسية؟', NULL, '8', '9', '7', '10', 1, 'العلوم', 'شسيب', NULL, 'اختبارات شاملة', NULL, NULL, NULL, NULL, '2025-05-31 19:40:16', 2),
(187, 'ما هو ناتج 12 × 8؟', NULL, '96', '98', '88', '108', 1, 'الرياضيات', '', NULL, 'بنك اسئلة', NULL, NULL, NULL, NULL, '2025-05-31 19:40:16', 2),
(188, 'من القائل: إذا الشعب يوماً أراد الحياة؟', NULL, 'أحمد شوقي', 'محمود درويش', 'أبو القاسم الشابي', 'نزار قباني', 3, 'اللغة العربية', '', NULL, 'بنك اسئلة', NULL, NULL, NULL, NULL, '2025-05-31 19:40:16', 2),
(189, 'في أي سنة بدأت الحرب العالمية الثانية؟', NULL, '1914', '1939', '1945', '1929', 2, 'التاريخ', '', NULL, 'اختبارات شاملة', NULL, NULL, NULL, NULL, '2025-05-31 19:40:16', 2),
(190, 'ما هو الحيوان الذي يُطلق عليه &#039;سفينة الصحراء&#039;؟', NULL, 'الحصان', 'الجمل', 'الفيل', 'الثور', 2, 'العلوم', 'شسيب', NULL, 'بنك اسئلة', NULL, NULL, NULL, NULL, '2025-05-31 19:40:16', 2),
(191, 'ما هو العدد الأولي التالي بعد 7؟', NULL, '9', '11', '10', '13', 2, 'الرياضيات', '', NULL, 'بنك اسئلة', NULL, NULL, NULL, NULL, '2025-05-31 19:40:16', 2),
(192, 'من هو النبي الذي ابتلعه الحوت؟', NULL, 'موسى عليه السلام', 'إبراهيم عليه السلام', 'يونس عليه السلام', 'عيسى عليه السلام', 3, 'التربية الإسلامية', '', NULL, 'بنك اسئلة', NULL, NULL, NULL, NULL, '2025-05-31 19:40:16', 2),
(193, 'من مخترع المصباح الكهربائي؟', NULL, 'إديسون', 'آينشتاين', 'غراهام بيل', 'نيوتن', 1, 'العلوم', 'شيسب', NULL, 'اختبارات شاملة', NULL, NULL, NULL, NULL, '2025-05-31 19:40:16', 2),
(194, 'ما هي عاصمة اليابان؟', NULL, 'كيوتو', 'بكين', 'طوكيو', 'سول', 3, 'الجغرافيا', '', NULL, 'بنك اسئلة', NULL, NULL, NULL, NULL, '2025-05-31 19:40:16', 2),
(195, 'ما هو أقرب كوكب إلى الشمس؟', NULL, 'الزهرة', 'الأرض', 'عطارد', 'المريخ', 3, 'العلوم', 'شسيب', NULL, 'بنك اسئلة', NULL, NULL, NULL, NULL, '2025-05-31 19:40:16', 2),
(196, 'من هو أول الخلفاء الراشدين؟', NULL, 'علي بن أبي طالب', 'عمر بن الخطاب', 'عثمان بن عفان', 'أبو بكر الصديق', 4, 'التربية الإسلامية', '', NULL, 'اختبارات شاملة', NULL, NULL, NULL, NULL, '2025-05-31 19:40:16', 2),
(197, 'كم عدد قلوب الأخطبوط؟', NULL, 'واحد', 'اثنان', 'ثلاثة', 'أربعة', 3, 'العلوم', 'شسيب', NULL, 'بنك اسئلة', NULL, NULL, NULL, NULL, '2025-05-31 19:40:16', 2),
(198, 'ما هو جمع كلمة &#039;قلم&#039;؟', NULL, 'أقلام', 'قلام', 'قلمين', 'أقلمة', 1, 'اللغة العربية', '', NULL, 'بنك اسئلة', NULL, NULL, NULL, NULL, '2025-05-31 19:40:16', 2),
(199, 'من مكتشف قانون الجاذبية؟', NULL, 'غاليلو', 'نيوتن', 'أرسطو', 'أينشتاين', 2, 'العلوم', 'شسيبشسيب', NULL, 'اختبارات شاملة', NULL, NULL, NULL, NULL, '2025-05-31 19:40:16', 2),
(200, 'ما هو مرادف كلمة &#039;سعيد&#039;؟', NULL, 'مسرور', 'حزين', 'غاضب', 'مندهش', 1, 'اللغة العربية', '', NULL, 'بنك اسئلة', NULL, NULL, NULL, NULL, '2025-05-31 19:40:16', 2),
(201, 'كم ضلع في المربع؟', NULL, '3', '4', '5', '6', 2, 'الرياضيات', '', NULL, 'بنك اسئلة', NULL, NULL, NULL, NULL, '2025-05-31 19:40:16', 2),
(202, 'أي الحيوانات التالية يبيض؟', NULL, 'القطة', 'الإنسان', 'الثعبان', 'الحوت', 3, 'العلوم', 'شسيبشسيب', NULL, 'اختبارات شاملة', NULL, NULL, NULL, NULL, '2025-05-31 19:40:16', 2),
(203, 'من هو القائد المسلم في معركة القادسية؟', NULL, 'خالد بن الوليد', 'سعد بن أبي وقاص', 'عمرو بن العاص', 'أبو عبيدة بن الجراح', 2, 'التاريخ الإسلامي', '', NULL, 'بنك اسئلة', NULL, NULL, NULL, NULL, '2025-05-31 19:40:16', 2),
(204, 'كم يوماً في السنة الكبيسة؟', NULL, '365', '366', '364', '367', 2, 'الرياضيات', '', NULL, 'اختبارات شاملة', NULL, NULL, NULL, NULL, '2025-05-31 19:40:16', 2),
(205, 'ما هي اللغة الرسمية في البرازيل؟', NULL, 'البرتغالية', 'الإسبانية', 'الفرنسية', 'الإنجليزية', 1, 'الجغرافيا', '', NULL, 'بنك اسئلة', NULL, NULL, NULL, NULL, '2025-05-31 19:40:16', 2),
(206, 'في أي قارة تقع مصر؟', NULL, 'آسيا', 'أفريقيا', 'أوروبا', 'أمريكا', 2, 'الجغرافيا', '', NULL, 'بنك اسئلة', NULL, NULL, NULL, NULL, '2025-05-31 19:40:16', 2),
(207, 'ما هو ناتج 15 + 27؟', NULL, '32', '42', '40', '45', 2, 'الرياضيات', '', NULL, 'بنك اسئلة', NULL, NULL, NULL, NULL, '2025-05-31 19:40:16', 2),
(208, 'من أول من آمن من النساء؟', NULL, 'عائشة بنت أبي بكر', 'حفصة بنت عمر', 'خديجة بنت خويلد', 'فاطمة الزهراء', 3, 'التربية الإسلامية', '', NULL, 'بنك اسئلة', NULL, NULL, NULL, NULL, '2025-05-31 19:40:16', 2),
(209, 'ما اسم العالم الذي اكتشف البنسلين؟', NULL, 'لويس باستير', 'ألكسندر فليمنغ', 'داروين', 'باول إيرليش', 2, 'العلوم', 'يبسب', NULL, 'اختبارات شاملة', NULL, NULL, NULL, NULL, '2025-05-31 19:40:16', 2),
(210, 'ما هو الضد في اللغة لكلمة &#039;الحب&#039;؟', NULL, 'الكره', 'الغضب', 'السلام', 'الندم', 1, 'اللغة العربية', '', NULL, 'بنك اسئلة', NULL, NULL, NULL, NULL, '2025-05-31 19:40:16', 2),
(211, 'ما هو لون دم الإنسان؟', NULL, 'أزرق', 'أحمر', 'أخضر', 'شفاف', 2, 'العلوم', 'شسيب', NULL, 'بنك اسئلة', NULL, NULL, NULL, NULL, '2025-05-31 19:40:16', 2),
(212, 'من أول من وضع علم النحو؟', NULL, 'الخليل بن أحمد', 'سيبويه', 'ابن خلدون', 'ابن سينا', 2, 'اللغة العربية', '', NULL, 'بنك اسئلة', NULL, NULL, NULL, NULL, '2025-05-31 19:40:16', 2),
(213, 'من هو مؤسس علم الاجتماع؟', NULL, 'ابن سينا', 'ابن خلدون', 'أفلاطون', 'سقراط', 2, 'الفلسفة', '', NULL, 'بنك اسئلة', NULL, NULL, NULL, NULL, '2025-05-31 19:40:16', 2),
(214, 'شسيب', 'uploads/questions/question_683b4e596ae9e.png', 'شسيبيبايبال', 'شسيببيسشيببل', 'شسيبشسيب', 'شسيبي', 1, 'العلوم', 'الاول', NULL, 'إمتحان الوزارة', 'ابيال', 'sss', 'sssdda', 'da', '2025-05-31 21:45:45', 1),
(215, 'asdf', 'uploads/questions/question_683b4e9b203d9.png', 'شسيبيبايبالsadf', 'شسيببيسشيببلsafd', 'شسيبشسيبي', 'شسيبيشسيب', 1, 'العلوم', 'الاول', NULL, 'بنك اسئلة', 'ابيال', 'sss', 'sssdda', 'da', '2025-05-31 21:46:51', 1),
(216, 'asdf', 'uploads/questions/question_683b4efd8d43e.png', 'شسيبيبايبالsadf', 'شسيببيسشيببلsafd', 'شسيبشسيبي', 'شسيبيشسيب', 1, 'العلوم', 'شسيب', NULL, 'بنك اسئلة', 'ابيال', 'sss', 'sssdda', 'da', '2025-05-31 21:48:29', 1);

-- --------------------------------------------------------

--
-- Table structure for table `student_answers`
--

CREATE TABLE `student_answers` (
  `id` int(11) NOT NULL,
  `user_id` int(11) NOT NULL,
  `exam_result_id` int(11) NOT NULL,
  `question_id` int(11) NOT NULL,
  `user_answer` int(1) NOT NULL,
  `is_correct` tinyint(1) NOT NULL,
  `answer_date` datetime NOT NULL DEFAULT current_timestamp()
) ENGINE=InnoDB DEFAULT CHARSET=utf8mb4 COLLATE=utf8mb4_general_ci;

--
-- Dumping data for table `student_answers`
--

INSERT INTO `student_answers` (`id`, `user_id`, `exam_result_id`, `question_id`, `user_answer`, `is_correct`, `answer_date`) VALUES
(1, 1, 5, 4, 3, 0, '2025-05-31 18:00:52'),
(2, 1, 1, 5, 3, 0, '2025-05-31 18:00:52'),
(3, 1, 2, 6, 3, 0, '2025-05-31 18:00:52'),
(4, 1, 0, 4, 0, 0, '2025-05-31 18:01:06'),
(5, 1, 4, 5, 0, 0, '2025-05-31 18:01:06'),
(6, 1, 5, 6, 0, 0, '2025-05-31 18:01:06'),
(7, 1, 0, 4, 0, 0, '2025-05-31 18:01:22'),
(8, 1, 7, 5, 0, 0, '2025-05-31 18:01:22'),
(9, 1, 8, 6, 0, 0, '2025-05-31 18:01:23'),
(10, 1, 6, 6, 3, 0, '2025-05-31 18:01:39'),
(11, 1, 10, 5, 3, 0, '2025-05-31 18:01:39'),
(12, 1, 11, 4, 3, 0, '2025-05-31 18:01:39'),
(13, 1, 7, 6, 3, 0, '2025-05-31 18:01:45'),
(14, 1, 13, 4, 3, 0, '2025-05-31 18:01:45'),
(15, 1, 14, 5, 3, 0, '2025-05-31 18:01:45'),
(16, 1, 8, 10, 2, 0, '2025-05-31 18:14:22'),
(17, 1, 9, 10, 2, 0, '2025-05-31 18:14:43'),
(18, 1, 10, 6, 3, 0, '2025-05-31 18:19:03'),
(19, 1, 10, 5, 4, 0, '2025-05-31 18:19:03'),
(20, 1, 10, 4, 2, 0, '2025-05-31 18:19:03'),
(21, 1, 11, 6, 2, 0, '2025-05-31 18:21:15'),
(22, 1, 11, 5, 3, 0, '2025-05-31 18:21:15'),
(23, 1, 11, 4, 3, 0, '2025-05-31 18:21:15'),
(24, 1, 12, 16, 0, 0, '2025-05-31 18:32:38'),
(25, 1, 12, 36, 2, 1, '2025-05-31 18:32:38'),
(26, 1, 12, 46, 0, 0, '2025-05-31 18:32:39'),
(27, 1, 12, 56, 2, 1, '2025-05-31 18:32:39'),
(28, 1, 12, 26, 2, 1, '2025-05-31 18:32:39'),
(29, 1, 13, 65, 1, 1, '2025-05-31 18:36:46'),
(30, 1, 13, 62, 0, 0, '2025-05-31 18:36:46'),
(31, 1, 13, 64, 0, 0, '2025-05-31 18:36:46'),
(32, 1, 13, 63, 1, 1, '2025-05-31 18:36:46'),
(33, 1, 14, 73, 3, 1, '2025-05-31 18:40:48'),
(34, 1, 15, 101, 2, 1, '2025-05-31 18:47:15'),
(35, 2, 16, 104, 1, 1, '2025-05-31 19:01:16'),
(36, 2, 16, 98, 1, 1, '2025-05-31 19:01:16'),
(37, 2, 17, 100, 2, 1, '2025-05-31 19:03:43'),
(38, 2, 18, 100, 3, 0, '2025-05-31 19:06:51'),
(39, 2, 19, 149, 0, 0, '2025-05-31 19:38:14'),
(40, 2, 19, 133, 1, 0, '2025-05-31 19:38:14'),
(41, 2, 19, 158, 0, 0, '2025-05-31 19:38:14'),
(42, 2, 19, 172, 2, 1, '2025-05-31 19:38:14'),
(43, 2, 19, 129, 1, 1, '2025-05-31 19:38:14'),
(44, 2, 19, 143, 0, 0, '2025-05-31 19:38:14'),
(45, 2, 19, 162, 2, 1, '2025-05-31 19:38:14'),
(46, 2, 19, 178, 2, 1, '2025-05-31 19:38:15'),
(47, 2, 20, 195, 0, 0, '2025-05-31 19:42:08'),
(48, 2, 20, 190, 1, 0, '2025-05-31 19:42:08'),
(49, 2, 20, 197, 3, 1, '2025-05-31 19:42:08'),
(50, 2, 20, 211, 2, 1, '2025-05-31 19:42:08'),
(51, 1, 21, 196, 4, 1, '2025-05-31 19:44:20'),
(52, 1, 22, 190, 2, 1, '2025-05-31 19:51:10'),
(53, 1, 22, 197, 2, 0, '2025-05-31 19:51:10'),
(54, 1, 22, 195, 0, 0, '2025-05-31 19:51:10'),
(55, 1, 22, 211, 3, 0, '2025-05-31 19:51:10'),
(56, 1, 24, 211, 2, 1, '2025-05-31 21:09:26'),
(57, 1, 24, 195, 2, 0, '2025-05-31 21:09:26'),
(58, 1, 24, 190, 2, 1, '2025-05-31 21:09:26'),
(59, 1, 24, 197, 3, 1, '2025-05-31 21:09:26'),
(60, 1, 25, 203, 2, 1, '2025-05-31 21:13:07'),
(61, 1, 29, 191, 3, 0, '2025-05-31 21:18:14'),
(62, 1, 29, 201, 3, 0, '2025-05-31 21:18:14'),
(63, 1, 29, 187, 3, 0, '2025-05-31 21:18:14'),
(64, 1, 29, 207, 3, 0, '2025-05-31 21:18:14'),
(65, 1, 30, 187, 4, 0, '2025-05-31 21:24:04'),
(66, 1, 31, 187, 4, 0, '2025-05-31 21:24:21'),
(67, 1, 31, 201, 4, 0, '2025-05-31 21:24:21'),
(68, 1, 31, 207, 3, 0, '2025-05-31 21:24:21'),
(69, 1, 31, 191, 2, 1, '2025-05-31 21:24:21'),
(70, 1, 32, 191, 1, 0, '2025-05-31 21:25:38'),
(71, 1, 32, 207, 2, 1, '2025-05-31 21:25:38'),
(72, 1, 32, 187, 1, 1, '2025-05-31 21:25:38'),
(73, 1, 32, 201, 2, 1, '2025-05-31 21:25:38'),
(74, 1, 33, 207, 1, 0, '2025-05-31 21:37:44'),
(75, 1, 34, 207, 1, 0, '2025-05-31 21:39:21'),
(76, 1, 34, 191, 2, 1, '2025-05-31 21:39:21'),
(77, 1, 34, 187, 1, 1, '2025-05-31 21:39:21'),
(78, 1, 34, 201, 2, 1, '2025-05-31 21:39:21'),
(79, 1, 35, 187, 1, 1, '2025-05-31 21:41:59'),
(80, 1, 35, 191, 2, 1, '2025-05-31 21:41:59'),
(81, 1, 35, 201, 2, 1, '2025-05-31 21:41:59'),
(82, 1, 35, 207, 2, 1, '2025-05-31 21:42:00'),
(83, 1, 36, 191, 2, 1, '2025-05-31 21:43:32'),
(84, 1, 36, 201, 2, 1, '2025-05-31 21:43:32'),
(85, 1, 36, 207, 2, 1, '2025-05-31 21:43:32'),
(86, 1, 36, 187, 1, 1, '2025-05-31 21:43:32'),
(87, 1, 37, 214, 3, 0, '2025-05-31 21:46:06'),
(88, 1, 38, 214, 2, 0, '2025-05-31 21:47:05'),
(89, 1, 39, 195, 1, 0, '2025-05-31 21:47:38'),
(90, 1, 39, 197, 4, 0, '2025-05-31 21:47:38'),
(91, 1, 39, 190, 3, 0, '2025-05-31 21:47:38'),
(92, 1, 39, 211, 3, 0, '2025-05-31 21:47:39'),
(93, 1, 40, 215, 1, 1, '2025-05-31 21:48:02'),
(94, 1, 41, 186, 3, 0, '2025-05-31 21:49:02'),
(95, 1, 41, 193, 4, 0, '2025-05-31 21:49:02'),
(96, 1, 41, 209, 4, 0, '2025-05-31 21:49:02'),
(97, 1, 41, 202, 3, 1, '2025-05-31 21:49:02'),
(98, 1, 41, 199, 3, 0, '2025-05-31 21:49:02'),
(99, 1, 42, 216, 1, 1, '2025-05-31 21:49:58'),
(100, 1, 42, 211, 2, 1, '2025-05-31 21:49:59'),
(101, 1, 42, 190, 3, 0, '2025-05-31 21:49:59'),
(102, 1, 42, 195, 3, 1, '2025-05-31 21:49:59'),
(103, 1, 42, 197, 3, 1, '2025-05-31 21:49:59'),
(104, 1, 43, 190, 2, 1, '2025-05-31 21:58:16'),
(105, 1, 43, 197, 3, 1, '2025-05-31 21:58:16'),
(106, 1, 43, 195, 4, 0, '2025-05-31 21:58:16'),
(107, 1, 43, 211, 4, 0, '2025-05-31 21:58:16'),
(108, 1, 43, 216, 1, 1, '2025-05-31 21:58:16'),
(109, 1, 44, 202, 3, 1, '2025-05-31 22:02:48'),
(110, 1, 44, 209, 1, 0, '2025-05-31 22:02:48'),
(111, 1, 44, 193, 1, 1, '2025-05-31 22:02:48'),
(112, 1, 44, 186, 1, 1, '2025-05-31 22:02:48'),
(113, 1, 44, 199, 2, 1, '2025-05-31 22:02:48'),
(114, 1, 45, 210, 2, 0, '2025-05-31 23:14:21'),
(115, 1, 45, 200, 1, 1, '2025-05-31 23:14:21'),
(116, 1, 45, 212, 1, 0, '2025-05-31 23:14:21'),
(117, 1, 45, 188, 1, 0, '2025-05-31 23:14:22'),
(118, 1, 45, 198, 2, 0, '2025-05-31 23:14:22'),
(119, 1, 45, 185, 3, 0, '2025-05-31 23:14:22'),
(120, 1, 46, 188, 1, 0, '2025-06-01 07:37:47'),
(121, 1, 46, 200, 2, 0, '2025-06-01 07:37:47'),
(122, 1, 46, 198, 2, 0, '2025-06-01 07:37:47'),
(123, 1, 46, 210, 1, 1, '2025-06-01 07:37:47'),
(124, 1, 46, 185, 2, 0, '2025-06-01 07:37:47'),
(125, 1, 46, 212, 1, 0, '2025-06-01 07:37:47'),
(126, 1, 47, 203, 1, 0, '2025-06-01 07:52:45'),
(127, 1, 48, 215, 1, 1, '2025-06-01 07:57:09'),
(128, 1, 49, 197, 1, 0, '2025-06-01 09:08:17'),
(129, 1, 49, 190, 2, 1, '2025-06-01 09:08:17'),
(130, 1, 49, 195, 2, 0, '2025-06-01 09:08:17'),
(131, 1, 49, 216, 1, 1, '2025-06-01 09:08:17'),
(132, 1, 49, 211, 2, 1, '2025-06-01 09:08:17'),
(133, 1, 50, 211, 1, 0, '2025-06-01 11:08:51'),
(134, 1, 50, 197, 3, 1, '2025-06-01 11:08:51'),
(135, 1, 50, 195, 3, 1, '2025-06-01 11:08:51'),
(136, 1, 50, 190, 2, 1, '2025-06-01 11:08:51'),
(137, 1, 50, 216, 1, 1, '2025-06-01 11:08:51'),
(138, 1, 51, 214, 1, 1, '2025-06-01 11:13:06'),
(139, 1, 52, 216, 1, 1, '2025-06-01 11:13:51'),
(140, 1, 52, 195, 3, 1, '2025-06-01 11:13:51'),
(141, 1, 52, 211, 2, 1, '2025-06-01 11:13:51'),
(142, 1, 52, 190, 2, 1, '2025-06-01 11:13:51'),
(143, 1, 52, 197, 3, 1, '2025-06-01 11:13:51'),
(144, 1, 53, 192, 3, 1, '2025-06-01 11:21:45'),
(145, 1, 53, 208, 3, 1, '2025-06-01 11:21:45'),
(146, 1, 54, 189, 3, 0, '2025-06-01 11:28:35'),
(147, 1, 55, 192, 3, 1, '2025-06-01 11:29:13'),
(148, 1, 55, 208, 3, 1, '2025-06-01 11:29:13'),
(149, 1, 56, 196, 4, 1, '2025-06-01 11:30:16'),
(150, 2, 57, 197, 3, 1, '2025-06-01 11:32:25'),
(151, 2, 57, 216, 1, 1, '2025-06-01 11:32:25'),
(152, 2, 57, 211, 2, 1, '2025-06-01 11:32:25'),
(153, 2, 57, 195, 3, 1, '2025-06-01 11:32:25'),
(154, 2, 57, 190, 2, 1, '2025-06-01 11:32:25'),
(155, 2, 58, 190, 1, 0, '2025-06-01 11:38:46'),
(156, 2, 58, 211, 3, 0, '2025-06-01 11:38:46'),
(157, 2, 58, 197, 4, 0, '2025-06-01 11:38:46'),
(158, 2, 58, 216, 1, 1, '2025-06-01 11:38:46'),
(159, 2, 58, 195, 1, 0, '2025-06-01 11:38:46');

-- --------------------------------------------------------

--
-- Table structure for table `users`
--

CREATE TABLE `users` (
  `id` int(11) NOT NULL,
  `username` varchar(50) DEFAULT NULL,
  `email` varchar(100) NOT NULL,
  `phone` varchar(20) NOT NULL,
  `password` varchar(255) DEFAULT NULL,
  `registration_date` datetime NOT NULL DEFAULT current_timestamp(),
  `last_login` datetime NOT NULL,
  `student_class` varchar(50) NOT NULL
) ENGINE=InnoDB DEFAULT CHARSET=utf8mb4 COLLATE=utf8mb4_general_ci;

--
-- Dumping data for table `users`
--

INSERT INTO `users` (`id`, `username`, `email`, `phone`, `password`, `registration_date`, `last_login`, `student_class`) VALUES
(1, 'mostafa', 'mostafamta347@gmail.com', '+201003504114', '$2y$10$jcdMU9Aa2srHivnxoV27QOs2/w6zP1LPl3x.YRbGbWesxX4aErJ1K', '2025-05-29 04:06:05', '2025-06-01 07:18:00', 'الصف الثالث الثانوي'),
(2, 'user', 'mostafamta347@gmail.com', '+201111111111', '$2y$10$A5K1St.tgD17iGo4rS3kQeHn3zsLSH5M.j5.FKJ0PcH9epeM7nNcm', '2025-05-29 04:08:28', '2025-06-01 11:31:26', 'الصف الثاني'),
(3, 'طالب_نموذجي', 'student@example.com', '0123456789', '$2y$10$92IXUNpkjO0rOQ5byMi.Ye4oKoEa3Ro9llC/.og/at2.uheWG/igi', '2025-05-31 13:07:57', '2025-05-31 13:07:57', 'الصف الأول الثانوي');

--
-- Indexes for dumped tables
--

--
-- Indexes for table `exam_results`
--
ALTER TABLE `exam_results`
  ADD PRIMARY KEY (`id`),
  ADD KEY `user_id` (`user_id`);

--
-- Indexes for table `questions`
--
ALTER TABLE `questions`
  ADD PRIMARY KEY (`id`),
  ADD KEY `added_by` (`added_by`);

--
-- Indexes for table `student_answers`
--
ALTER TABLE `student_answers`
  ADD PRIMARY KEY (`id`),
  ADD KEY `user_id` (`user_id`),
  ADD KEY `exam_result_id` (`exam_result_id`),
  ADD KEY `question_id` (`question_id`);

--
-- Indexes for table `users`
--
ALTER TABLE `users`
  ADD PRIMARY KEY (`id`);

--
-- AUTO_INCREMENT for dumped tables
--

--
-- AUTO_INCREMENT for table `exam_results`
--
ALTER TABLE `exam_results`
  MODIFY `id` int(11) NOT NULL AUTO_INCREMENT, AUTO_INCREMENT=59;

--
-- AUTO_INCREMENT for table `questions`
--
ALTER TABLE `questions`
  MODIFY `id` int(11) NOT NULL AUTO_INCREMENT, AUTO_INCREMENT=217;

--
-- AUTO_INCREMENT for table `student_answers`
--
ALTER TABLE `student_answers`
  MODIFY `id` int(11) NOT NULL AUTO_INCREMENT, AUTO_INCREMENT=160;

--
-- AUTO_INCREMENT for table `users`
--
ALTER TABLE `users`
  MODIFY `id` int(11) NOT NULL AUTO_INCREMENT, AUTO_INCREMENT=4;

--
-- Constraints for dumped tables
--

--
-- Constraints for table `questions`
--
ALTER TABLE `questions`
  ADD CONSTRAINT `questions_ibfk_1` FOREIGN KEY (`added_by`) REFERENCES `users` (`id`) ON DELETE SET NULL;
COMMIT;

/*!40101 SET CHARACTER_SET_CLIENT=@OLD_CHARACTER_SET_CLIENT */;
/*!40101 SET CHARACTER_SET_RESULTS=@OLD_CHARACTER_SET_RESULTS */;
/*!40101 SET COLLATION_CONNECTION=@OLD_COLLATION_CONNECTION */;
